{ "height":11,
  "layers":[
    {
      "data":[0, 0, 0, 0, 0, 0, 0, 0, 0, 0, 0, 0, 0, 0, 0, 0, 0, 0, 0, 0, 0, 0, 0, 0, 0, 0, 0, 0, 0, 0, 0, 0, 0, 0, 0, 0, 0, 0, 0, 0, 0, 0, 0, 0, 0, 0, 0, 0, 0, 14, 0, 0, 0, 0, 0, 0, 0, 0, 0, 0, 0, 0, 0, 0, 0, 0, 0, 0, 0, 0, 0, 0, 0, 0, 35, 0, 0, 0, 0, 0, 0, 0, 0, 0, 0, 0, 0, 0, 0, 0, 0, 0, 0, 0, 0, 0, 0, 0, 36, 77, 95, 0, 0, 0, 0, 0, 0, 0, 0, 82, 0, 0, 0, 0, 0, 0, 0, 0, 0, 0, 0, 131, 36, 15, 20, 74, 95, 0, 0, 0, 0, 0, 0, 0, 0, 0, 0, 0, 0, 0, 0, 0, 0, 0, 36, 77, 77, 15, 20, 20, 34, 74, 95, 0, 0, 0, 0, 0, 0, 0, 0, 0, 0, 0, 0, 0, 0, 0, 36, 15, 20, 20, 20, 20, 20, 34, 34, 74, 95, 0, 89, 0, 137, 0, 0, 0, 0, 140, 0, 0, 0, 0, 36, 15, 20, 20, 20, 20, 20, 20, 34, 34, 34, 74, 32, 32, 32, 116, 135, 135, 135, 135, 119, 77, 77, 77, 77, 15, 20, 20, 20, 20, 20, 20, 20, 34, 34, 34, 34, 34, 34, 34, 34, 31, 31, 31, 31, 20, 20, 20, 20, 20, 20, 20, 20, 20, 20, 20, 20, 20, 34, 34, 34, 34, 34, 34, 34, 34, 31, 31, 31, 31, 20, 20, 20, 20, 20, 20, 20, 20, 20, 20, 20, 20, 20],
      "height":11,
      "name":"Tile Layer 1",
      "opacity":1,
      "type":"tilelayer",
      "visible":true,
      "width":25,
      "x":0,
      "y":0
    }],
  "orientation":"orthogonal",
  "properties":
  {

  },
  "tileheight":70,
  "tilesets":[
    {
      "firstgid":1,
      "image":"kenney.png",
      "imageheight":490,
      "imagewidth":1470,
      "margin":0,
      "name":"kenney",
      "properties":
      {

      },
      "spacing":0,
      "tileheight":70,
      "tileproperties":
      {
        "136":
        {
          "slope":"3"
        },
        "139":
        {
          "slope":"2"
        },
        "31":
        {
          "slope":"1"
        },
        "35":
        {
          "slope":"3"
        },
        "76":
        {
          "slope":"1"
        },
        "94":
        {
          "slope":"2"
        }
      },
      "tilewidth":70
    }],
  "tilewidth":70,
  "version":1,
  "width":25
}